{"cameraMode":{"drawMode":0,"name":"Shaded","section":"Shading Mode"},"sceneLighting":true,"audioPlay":false,"sceneViewState":{"showFog":false,"showMaterialUpdate":false,"showSkybox":false,"showFlares":false,"showImageEffects":false,"showParticleSystems":false},"in2DMode":false,"pivot":{"x":2.284972667694092,"y":3.3778111934661867,"z":-1.1457653045654297},"rotation":{"x":0.04891069605946541,"y":-0.1025976911187172,"z":-0.005050992593169212,"w":-0.9935115575790405},"size":24.895347595214845,"orthographic":false}